[
  {
    "Age at retirement": 41,
    "Fraction": 0.6258
  },
  {
    "Age at retirement": 41.25,
    "Fraction": 0.635
  },
  {
    "Age at retirement": 41.5,
    "Fraction": 0.6442
  },
  {
    "Age at retirement": 41.75,
    "Fraction": 0.6533
  },
  {
    "Age at retirement": 42,
    "Fraction": 0.6625
  },
  {
    "Age at retirement": 42.25,
    "Fraction": 0.672
  },
  {
    "Age at retirement": 42.5,
    "Fraction": 0.6814
  },
  {
    "Age at retirement": 42.75,
    "Fraction": 0.6909
  },
  {
    "Age at retirement": 43,
    "Fraction": 0.7004
  },
  {
    "Age at retirement": 43.25,
    "Fraction": 0.7102
  },
  {
    "Age at retirement": 43.5,
    "Fraction": 0.72
  },
  {
    "Age at retirement": 43.75,
    "Fraction": 0.7299
  },
  {
    "Age at retirement": 44,
    "Fraction": 0.7397
  },
  {
    "Age at retirement": 44.25,
    "Fraction": 0.7499
  },
  {
    "Age at retirement": 44.5,
    "Fraction": 0.7601
  },
  {
    "Age at retirement": 44.75,
    "Fraction": 0.7703
  },
  {
    "Age at retirement": 45,
    "Fraction": 0.7805
  },
  {
    "Age at retirement": 45.25,
    "Fraction": 0.791
  },
  {
    "Age at retirement": 45.5,
    "Fraction": 0.8016
  },
  {
    "Age at retirement": 45.75,
    "Fraction": 0.8121
  },
  {
    "Age at retirement": 46,
    "Fraction": 0.8226
  },
  {
    "Age at retirement": 46.25,
    "Fraction": 0.8339
  },
  {
    "Age at retirement": 46.5,
    "Fraction": 0.8452
  },
  {
    "Age at retirement": 46.75,
    "Fraction": 0.8566
  },
  {
    "Age at retirement": 47,
    "Fraction": 0.8678
  },
  {
    "Age at retirement": 47.25,
    "Fraction": 0.878
  },
  {
    "Age at retirement": 47.5,
    "Fraction": 0.8882
  },
  {
    "Age at retirement": 47.75,
    "Fraction": 0.8983
  },
  {
    "Age at retirement": 48,
    "Fraction": 0.9085
  },
  {
    "Age at retirement": 48.25,
    "Fraction": 0.9194
  },
  {
    "Age at retirement": 48.5,
    "Fraction": 0.9304
  },
  {
    "Age at retirement": 48.75,
    "Fraction": 0.9413
  },
  {
    "Age at retirement": 49,
    "Fraction": 0.9522
  },
  {
    "Age at retirement": 49.25,
    "Fraction": 0.9641
  },
  {
    "Age at retirement": 49.5,
    "Fraction": 0.9761
  },
  {
    "Age at retirement": 49.75,
    "Fraction": 0.988
  },
  {
    "Age at retirement": 50,
    "Fraction": 1
  },
  {
    "Age at retirement": 50.25,
    "Fraction": 1.013
  },
  {
    "Age at retirement": 50.5,
    "Fraction": 1.0259
  },
  {
    "Age at retirement": 50.75,
    "Fraction": 1.0387
  },
  {
    "Age at retirement": 51,
    "Fraction": 1.0516
  },
  {
    "Age at retirement": 51.25,
    "Fraction": 1.0656
  },
  {
    "Age at retirement": 51.5,
    "Fraction": 1.0796
  },
  {
    "Age at retirement": 51.75,
    "Fraction": 1.0937
  },
  {
    "Age at retirement": 52,
    "Fraction": 1.1078
  },
  {
    "Age at retirement": 52.25,
    "Fraction": 1.1231
  },
  {
    "Age at retirement": 52.5,
    "Fraction": 1.1384
  },
  {
    "Age at retirement": 52.75,
    "Fraction": 1.1538
  },
  {
    "Age at retirement": 53,
    "Fraction": 1.1692
  },
  {
    "Age at retirement": 53.25,
    "Fraction": 1.1859
  },
  {
    "Age at retirement": 53.5,
    "Fraction": 1.2028
  },
  {
    "Age at retirement": 53.75,
    "Fraction": 1.2195
  },
  {
    "Age at retirement": 54,
    "Fraction": 1.2366
  },
  {
    "Age at retirement": 54.25,
    "Fraction": 1.2547
  },
  {
    "Age at retirement": 54.5,
    "Fraction": 1.273
  },
  {
    "Age at retirement": 54.75,
    "Fraction": 1.2915
  },
  {
    "Age at retirement": 55,
    "Fraction": 1.3099
  }
]