[
  {
    "Age at retirement": 50,
    "Fraction": 0.7091
  },
  {
    "Age at retirement": 50.25,
    "Fraction": 0.7183
  },
  {
    "Age at retirement": 50.5,
    "Fraction": 0.7274
  },
  {
    "Age at retirement": 50.75,
    "Fraction": 0.7366
  },
  {
    "Age at retirement": 51,
    "Fraction": 0.7457
  },
  {
    "Age at retirement": 51.25,
    "Fraction": 0.7547
  },
  {
    "Age at retirement": 51.5,
    "Fraction": 0.7637
  },
  {
    "Age at retirement": 51.75,
    "Fraction": 0.7726
  },
  {
    "Age at retirement": 52,
    "Fraction": 0.7816
  },
  {
    "Age at retirement": 52.25,
    "Fraction": 0.7907
  },
  {
    "Age at retirement": 52.5,
    "Fraction": 0.7999
  },
  {
    "Age at retirement": 52.75,
    "Fraction": 0.809
  },
  {
    "Age at retirement": 53,
    "Fraction": 0.8181
  },
  {
    "Age at retirement": 53.25,
    "Fraction": 0.8275
  },
  {
    "Age at retirement": 53.5,
    "Fraction": 0.8369
  },
  {
    "Age at retirement": 53.75,
    "Fraction": 0.8462
  },
  {
    "Age at retirement": 54,
    "Fraction": 0.8556
  },
  {
    "Age at retirement": 54.25,
    "Fraction": 0.8656
  },
  {
    "Age at retirement": 54.5,
    "Fraction": 0.8755
  },
  {
    "Age at retirement": 54.75,
    "Fraction": 0.8855
  },
  {
    "Age at retirement": 55,
    "Fraction": 0.8954
  },
  {
    "Age at retirement": 55.25,
    "Fraction": 0.9061
  },
  {
    "Age at retirement": 55.5,
    "Fraction": 0.9168
  },
  {
    "Age at retirement": 55.75,
    "Fraction": 0.9275
  },
  {
    "Age at retirement": 56,
    "Fraction": 0.9382
  },
  {
    "Age at retirement": 56.25,
    "Fraction": 0.9498
  },
  {
    "Age at retirement": 56.5,
    "Fraction": 0.9614
  },
  {
    "Age at retirement": 56.75,
    "Fraction": 0.973
  },
  {
    "Age at retirement": 57,
    "Fraction": 0.9846
  },
  {
    "Age at retirement": 57.25,
    "Fraction": 0.9972
  },
  {
    "Age at retirement": 57.5,
    "Fraction": 1.0098
  },
  {
    "Age at retirement": 57.75,
    "Fraction": 1.0224
  },
  {
    "Age at retirement": 58,
    "Fraction": 1.035
  },
  {
    "Age at retirement": 58.25,
    "Fraction": 1.0487
  },
  {
    "Age at retirement": 58.5,
    "Fraction": 1.0625
  },
  {
    "Age at retirement": 58.75,
    "Fraction": 1.0762
  },
  {
    "Age at retirement": 59,
    "Fraction": 1.0899
  },
  {
    "Age at retirement": 59.25,
    "Fraction": 1.1049
  },
  {
    "Age at retirement": 59.5,
    "Fraction": 1.1199
  },
  {
    "Age at retirement": 59.75,
    "Fraction": 1.1349
  },
  {
    "Age at retirement": 60,
    "Fraction": 1.15
  },
  {
    "Age at retirement": 60.25,
    "Fraction": 1.1611
  },
  {
    "Age at retirement": 60.5,
    "Fraction": 1.1723
  },
  {
    "Age at retirement": 60.75,
    "Fraction": 1.1835
  },
  {
    "Age at retirement": 61,
    "Fraction": 1.1947
  },
  {
    "Age at retirement": 61.25,
    "Fraction": 1.2097
  },
  {
    "Age at retirement": 61.5,
    "Fraction": 1.2247
  },
  {
    "Age at retirement": 61.75,
    "Fraction": 1.2398
  },
  {
    "Age at retirement": 62,
    "Fraction": 1.2548
  },
  {
    "Age at retirement": 62.25,
    "Fraction": 1.2707
  },
  {
    "Age at retirement": 62.5,
    "Fraction": 1.2867
  },
  {
    "Age at retirement": 62.75,
    "Fraction": 1.3026
  },
  {
    "Age at retirement": 63,
    "Fraction": 1.3186
  },
  {
    "Age at retirement": 63.25,
    "Fraction": 1.3355
  },
  {
    "Age at retirement": 63.5,
    "Fraction": 1.3525
  },
  {
    "Age at retirement": 63.75,
    "Fraction": 1.3695
  },
  {
    "Age at retirement": 64,
    "Fraction": 1.3865
  },
  {
    "Age at retirement": 64.25,
    "Fraction": 1.4047
  },
  {
    "Age at retirement": 64.5,
    "Fraction": 1.4229
  },
  {
    "Age at retirement": 64.75,
    "Fraction": 1.4411
  },
  {
    "Age at retirement": 65,
    "Fraction": 1.4593
  }
]