[
  {
    "Age at retirement": 50,
    "Fraction": 0.83
  },
  {
    "Age at retirement": 50.25,
    "Fraction": 0.845
  },
  {
    "Age at retirement": 50.5,
    "Fraction": 0.86
  },
  {
    "Age at retirement": 50.75,
    "Fraction": 0.875
  },
  {
    "Age at retirement": 51,
    "Fraction": 0.89
  },
  {
    "Age at retirement": 51.25,
    "Fraction": 0.905
  },
  {
    "Age at retirement": 51.5,
    "Fraction": 0.92
  },
  {
    "Age at retirement": 51.75,
    "Fraction": 0.935
  },
  {
    "Age at retirement": 52,
    "Fraction": 0.95
  },
  {
    "Age at retirement": 52.25,
    "Fraction": 0.965
  },
  {
    "Age at retirement": 52.5,
    "Fraction": 0.98
  },
  {
    "Age at retirement": 52.75,
    "Fraction": 0.995
  },
  {
    "Age at retirement": 53,
    "Fraction": 1.01
  },
  {
    "Age at retirement": 53.25,
    "Fraction": 1.025
  },
  {
    "Age at retirement": 53.5,
    "Fraction": 1.04
  },
  {
    "Age at retirement": 53.75,
    "Fraction": 1.055
  },
  {
    "Age at retirement": 54,
    "Fraction": 1.07
  },
  {
    "Age at retirement": 54.25,
    "Fraction": 1.085
  },
  {
    "Age at retirement": 54.5,
    "Fraction": 1.1
  },
  {
    "Age at retirement": 54.75,
    "Fraction": 1.115
  },
  {
    "Age at retirement": 55,
    "Fraction": 1.13
  },
  {
    "Age at retirement": 55.25,
    "Fraction": 1.145
  },
  {
    "Age at retirement": 55.5,
    "Fraction": 1.16
  },
  {
    "Age at retirement": 55.75,
    "Fraction": 1.175
  },
  {
    "Age at retirement": 56,
    "Fraction": 1.19
  },
  {
    "Age at retirement": 56.25,
    "Fraction": 1.205
  },
  {
    "Age at retirement": 56.5,
    "Fraction": 1.22
  },
  {
    "Age at retirement": 56.75,
    "Fraction": 1.235
  },
  {
    "Age at retirement": 57,
    "Fraction": 1.25
  },
  {
    "Age at retirement": 57.25,
    "Fraction": 1.265
  },
  {
    "Age at retirement": 57.5,
    "Fraction": 1.28
  },
  {
    "Age at retirement": 57.75,
    "Fraction": 1.295
  },
  {
    "Age at retirement": 58,
    "Fraction": 1.31
  },
  {
    "Age at retirement": 58.25,
    "Fraction": 1.325
  },
  {
    "Age at retirement": 58.5,
    "Fraction": 1.34
  },
  {
    "Age at retirement": 58.75,
    "Fraction": 1.355
  },
  {
    "Age at retirement": 59,
    "Fraction": 1.37
  },
  {
    "Age at retirement": 59.25,
    "Fraction": 1.385
  },
  {
    "Age at retirement": 59.5,
    "Fraction": 1.4
  },
  {
    "Age at retirement": 59.75,
    "Fraction": 1.415
  },
  {
    "Age at retirement": 60,
    "Fraction": 1.43
  },
  {
    "Age at retirement": 60.25,
    "Fraction": 1.445
  },
  {
    "Age at retirement": 60.5,
    "Fraction": 1.46
  },
  {
    "Age at retirement": 60.75,
    "Fraction": 1.475
  },
  {
    "Age at retirement": 61,
    "Fraction": 1.49
  },
  {
    "Age at retirement": 61.25,
    "Fraction": 1.505
  },
  {
    "Age at retirement": 61.5,
    "Fraction": 1.52
  },
  {
    "Age at retirement": 61.75,
    "Fraction": 1.535
  },
  {
    "Age at retirement": 62,
    "Fraction": 1.55
  },
  {
    "Age at retirement": 62.25,
    "Fraction": 1.565
  },
  {
    "Age at retirement": 62.5,
    "Fraction": 1.58
  },
  {
    "Age at retirement": 62.75,
    "Fraction": 1.595
  },
  {
    "Age at retirement": 63,
    "Fraction": 1.61
  },
  {
    "Age at retirement": 63.25,
    "Fraction": 1.625
  },
  {
    "Age at retirement": 63.5,
    "Fraction": 1.64
  },
  {
    "Age at retirement": 63.75,
    "Fraction": 1.655
  },
  {
    "Age at retirement": 64,
    "Fraction": 1.67
  },
  {
    "Age at retirement": 64.25,
    "Fraction": 1.685
  },
  {
    "Age at retirement": 64.5,
    "Fraction": 1.7
  },
  {
    "Age at retirement": 64.75,
    "Fraction": 1.715
  },
  {
    "Age at retirement": 65,
    "Fraction": 1.73
  }
]