[
  {
    "Age at retirement": 50,
    "Fraction": 0.573
  },
  {
    "Age at retirement": 50.25,
    "Fraction": 0.585
  },
  {
    "Age at retirement": 50.5,
    "Fraction": 0.597
  },
  {
    "Age at retirement": 50.75,
    "Fraction": 0.609
  },
  {
    "Age at retirement": 51,
    "Fraction": 0.622
  },
  {
    "Age at retirement": 51.25,
    "Fraction": 0.635
  },
  {
    "Age at retirement": 51.5,
    "Fraction": 0.648
  },
  {
    "Age at retirement": 51.75,
    "Fraction": 0.661
  },
  {
    "Age at retirement": 52,
    "Fraction": 0.675
  },
  {
    "Age at retirement": 52.25,
    "Fraction": 0.689
  },
  {
    "Age at retirement": 52.5,
    "Fraction": 0.704
  },
  {
    "Age at retirement": 52.75,
    "Fraction": 0.719
  },
  {
    "Age at retirement": 53,
    "Fraction": 0.734
  },
  {
    "Age at retirement": 53.25,
    "Fraction": 0.75
  },
  {
    "Age at retirement": 53.5,
    "Fraction": 0.766
  },
  {
    "Age at retirement": 53.75,
    "Fraction": 0.782
  },
  {
    "Age at retirement": 54,
    "Fraction": 0.799
  },
  {
    "Age at retirement": 54.25,
    "Fraction": 0.816
  },
  {
    "Age at retirement": 54.5,
    "Fraction": 0.834
  },
  {
    "Age at retirement": 54.75,
    "Fraction": 0.853
  },
  {
    "Age at retirement": 55,
    "Fraction": 0.872
  },
  {
    "Age at retirement": 55.25,
    "Fraction": 0.891
  },
  {
    "Age at retirement": 55.5,
    "Fraction": 0.911
  },
  {
    "Age at retirement": 55.75,
    "Fraction": 0.931
  },
  {
    "Age at retirement": 56,
    "Fraction": 0.952
  },
  {
    "Age at retirement": 56.25,
    "Fraction": 0.973
  },
  {
    "Age at retirement": 56.5,
    "Fraction": 0.995
  },
  {
    "Age at retirement": 56.75,
    "Fraction": 1.017
  },
  {
    "Age at retirement": 57,
    "Fraction": 1.04
  },
  {
    "Age at retirement": 57.25,
    "Fraction": 1.064
  },
  {
    "Age at retirement": 57.5,
    "Fraction": 1.088
  },
  {
    "Age at retirement": 57.75,
    "Fraction": 1.113
  },
  {
    "Age at retirement": 58,
    "Fraction": 1.139
  },
  {
    "Age at retirement": 58.25,
    "Fraction": 1.165
  },
  {
    "Age at retirement": 58.5,
    "Fraction": 1.192
  },
  {
    "Age at retirement": 58.75,
    "Fraction": 1.22
  },
  {
    "Age at retirement": 59,
    "Fraction": 1.249
  },
  {
    "Age at retirement": 59.25,
    "Fraction": 1.279
  },
  {
    "Age at retirement": 59.5,
    "Fraction": 1.309
  },
  {
    "Age at retirement": 59.75,
    "Fraction": 1.34
  },
  {
    "Age at retirement": 60,
    "Fraction": 1.372
  },
  {
    "Age at retirement": 60.25,
    "Fraction": 1.405
  },
  {
    "Age at retirement": 60.5,
    "Fraction": 1.44
  },
  {
    "Age at retirement": 60.75,
    "Fraction": 1.475
  },
  {
    "Age at retirement": 61,
    "Fraction": 1.511
  },
  {
    "Age at retirement": 61.25,
    "Fraction": 1.548
  },
  {
    "Age at retirement": 61.5,
    "Fraction": 1.587
  },
  {
    "Age at retirement": 61.75,
    "Fraction": 1.626
  },
  {
    "Age at retirement": 62,
    "Fraction": 1.667
  },
  {
    "Age at retirement": 62.25,
    "Fraction": 1.667
  },
  {
    "Age at retirement": 62.5,
    "Fraction": 1.667
  },
  {
    "Age at retirement": 62.75,
    "Fraction": 1.667
  },
  {
    "Age at retirement": 63,
    "Fraction": 1.667
  },
  {
    "Age at retirement": 63.25,
    "Fraction": 1.667
  },
  {
    "Age at retirement": 63.5,
    "Fraction": 1.667
  },
  {
    "Age at retirement": 63.75,
    "Fraction": 1.667
  },
  {
    "Age at retirement": 64,
    "Fraction": 1.667
  },
  {
    "Age at retirement": 64.25,
    "Fraction": 1.667
  },
  {
    "Age at retirement": 64.5,
    "Fraction": 1.667
  },
  {
    "Age at retirement": 64.75,
    "Fraction": 1.667
  },
  {
    "Age at retirement": 65,
    "Fraction": 1.667
  }
]