[
  {
    "Age": 1,
    "GAM94qx": 0.000637,
    "GAF94qx": 0.000571
  },
  {
    "Age": 2,
    "GAM94qx": 0.00043,
    "GAF94qx": 0.000372
  },
  {
    "Age": 3,
    "GAM94qx": 0.000357,
    "GAF94qx": 0.000278
  },
  {
    "Age": 4,
    "GAM94qx": 0.000278,
    "GAF94qx": 0.000208
  },
  {
    "Age": 5,
    "GAM94qx": 0.000255,
    "GAF94qx": 0.000188
  },
  {
    "Age": 6,
    "GAM94qx": 0.000244,
    "GAF94qx": 0.000176
  },
  {
    "Age": 7,
    "GAM94qx": 0.000234,
    "GAF94qx": 0.000165
  },
  {
    "Age": 8,
    "GAM94qx": 0.000216,
    "GAF94qx": 0.000147
  },
  {
    "Age": 9,
    "GAM94qx": 0.000209,
    "GAF94qx": 0.00014
  },
  {
    "Age": 10,
    "GAM94qx": 0.000212,
    "GAF94qx": 0.000141
  },
  {
    "Age": 11,
    "GAM94qx": 0.000223,
    "GAF94qx": 0.000148
  },
  {
    "Age": 12,
    "GAM94qx": 0.000243,
    "GAF94qx": 0.000159
  },
  {
    "Age": 13,
    "GAM94qx": 0.000275,
    "GAF94qx": 0.000177
  },
  {
    "Age": 14,
    "GAM94qx": 0.00032,
    "GAF94qx": 0.000203
  },
  {
    "Age": 15,
    "GAM94qx": 0.000371,
    "GAF94qx": 0.000233
  },
  {
    "Age": 16,
    "GAM94qx": 0.000421,
    "GAF94qx": 0.000261
  },
  {
    "Age": 17,
    "GAM94qx": 0.000463,
    "GAF94qx": 0.000281
  },
  {
    "Age": 18,
    "GAM94qx": 0.000495,
    "GAF94qx": 0.000293
  },
  {
    "Age": 19,
    "GAM94qx": 0.000521,
    "GAF94qx": 0.000301
  },
  {
    "Age": 20,
    "GAM94qx": 0.000545,
    "GAF94qx": 0.000305
  },
  {
    "Age": 21,
    "GAM94qx": 0.00057,
    "GAF94qx": 0.000308
  },
  {
    "Age": 22,
    "GAM94qx": 0.000598,
    "GAF94qx": 0.000311
  },
  {
    "Age": 23,
    "GAM94qx": 0.000633,
    "GAF94qx": 0.000313
  },
  {
    "Age": 24,
    "GAM94qx": 0.000671,
    "GAF94qx": 0.000313
  },
  {
    "Age": 25,
    "GAM94qx": 0.000711,
    "GAF94qx": 0.000313
  },
  {
    "Age": 26,
    "GAM94qx": 0.000749,
    "GAF94qx": 0.000316
  },
  {
    "Age": 27,
    "GAM94qx": 0.000782,
    "GAF94qx": 0.000324
  },
  {
    "Age": 28,
    "GAM94qx": 0.000811,
    "GAF94qx": 0.000338
  },
  {
    "Age": 29,
    "GAM94qx": 0.000838,
    "GAF94qx": 0.000356
  },
  {
    "Age": 30,
    "GAM94qx": 0.000862,
    "GAF94qx": 0.000377
  },
  {
    "Age": 31,
    "GAM94qx": 0.000883,
    "GAF94qx": 0.000401
  },
  {
    "Age": 32,
    "GAM94qx": 0.000902,
    "GAF94qx": 0.000427
  },
  {
    "Age": 33,
    "GAM94qx": 0.000912,
    "GAF94qx": 0.000454
  },
  {
    "Age": 34,
    "GAM94qx": 0.000913,
    "GAF94qx": 0.000482
  },
  {
    "Age": 35,
    "GAM94qx": 0.000915,
    "GAF94qx": 0.000514
  },
  {
    "Age": 36,
    "GAM94qx": 0.000927,
    "GAF94qx": 0.00055
  },
  {
    "Age": 37,
    "GAM94qx": 0.000958,
    "GAF94qx": 0.000593
  },
  {
    "Age": 38,
    "GAM94qx": 0.00101,
    "GAF94qx": 0.000643
  },
  {
    "Age": 39,
    "GAM94qx": 0.001075,
    "GAF94qx": 0.000701
  },
  {
    "Age": 40,
    "GAM94qx": 0.001153,
    "GAF94qx": 0.000763
  },
  {
    "Age": 41,
    "GAM94qx": 0.001243,
    "GAF94qx": 0.000826
  },
  {
    "Age": 42,
    "GAM94qx": 0.001346,
    "GAF94qx": 0.000888
  },
  {
    "Age": 43,
    "GAM94qx": 0.001454,
    "GAF94qx": 0.000943
  },
  {
    "Age": 44,
    "GAM94qx": 0.001568,
    "GAF94qx": 0.000992
  },
  {
    "Age": 45,
    "GAM94qx": 0.001697,
    "GAF94qx": 0.001046
  },
  {
    "Age": 46,
    "GAM94qx": 0.001852,
    "GAF94qx": 0.001111
  },
  {
    "Age": 47,
    "GAM94qx": 0.002042,
    "GAF94qx": 0.001196
  },
  {
    "Age": 48,
    "GAM94qx": 0.00226,
    "GAF94qx": 0.001297
  },
  {
    "Age": 49,
    "GAM94qx": 0.002501,
    "GAF94qx": 0.001408
  },
  {
    "Age": 50,
    "GAM94qx": 0.002773,
    "GAF94qx": 0.001536
  },
  {
    "Age": 51,
    "GAM94qx": 0.003088,
    "GAF94qx": 0.001686
  },
  {
    "Age": 52,
    "GAM94qx": 0.003455,
    "GAF94qx": 0.001864
  },
  {
    "Age": 53,
    "GAM94qx": 0.003854,
    "GAF94qx": 0.002051
  },
  {
    "Age": 54,
    "GAM94qx": 0.004278,
    "GAF94qx": 0.002241
  },
  {
    "Age": 55,
    "GAM94qx": 0.004758,
    "GAF94qx": 0.002466
  },
  {
    "Age": 56,
    "GAM94qx": 0.005322,
    "GAF94qx": 0.002755
  },
  {
    "Age": 57,
    "GAM94qx": 0.006001,
    "GAF94qx": 0.003139
  },
  {
    "Age": 58,
    "GAM94qx": 0.006774,
    "GAF94qx": 0.003612
  },
  {
    "Age": 59,
    "GAM94qx": 0.007623,
    "GAF94qx": 0.004154
  },
  {
    "Age": 60,
    "GAM94qx": 0.008576,
    "GAF94qx": 0.004773
  },
  {
    "Age": 61,
    "GAM94qx": 0.009663,
    "GAF94qx": 0.005476
  },
  {
    "Age": 62,
    "GAM94qx": 0.010911,
    "GAF94qx": 0.006271
  },
  {
    "Age": 63,
    "GAM94qx": 0.012335,
    "GAF94qx": 0.007179
  },
  {
    "Age": 64,
    "GAM94qx": 0.013914,
    "GAF94qx": 0.008194
  },
  {
    "Age": 65,
    "GAM94qx": 0.015629,
    "GAF94qx": 0.009286
  },
  {
    "Age": 66,
    "GAM94qx": 0.017462,
    "GAF94qx": 0.010423
  },
  {
    "Age": 67,
    "GAM94qx": 0.019391,
    "GAF94qx": 0.011574
  },
  {
    "Age": 68,
    "GAM94qx": 0.021354,
    "GAF94qx": 0.012648
  },
  {
    "Age": 69,
    "GAM94qx": 0.023364,
    "GAF94qx": 0.013665
  },
  {
    "Age": 70,
    "GAM94qx": 0.025516,
    "GAF94qx": 0.014763
  },
  {
    "Age": 71,
    "GAM94qx": 0.027905,
    "GAF94qx": 0.016079
  },
  {
    "Age": 72,
    "GAM94qx": 0.030625,
    "GAF94qx": 0.017748
  },
  {
    "Age": 73,
    "GAM94qx": 0.033549,
    "GAF94qx": 0.019724
  },
  {
    "Age": 74,
    "GAM94qx": 0.036614,
    "GAF94qx": 0.021915
  },
  {
    "Age": 75,
    "GAM94qx": 0.040012,
    "GAF94qx": 0.024393
  },
  {
    "Age": 76,
    "GAM94qx": 0.043933,
    "GAF94qx": 0.027231
  },
  {
    "Age": 77,
    "GAM94qx": 0.04857,
    "GAF94qx": 0.030501
  },
  {
    "Age": 78,
    "GAM94qx": 0.053991,
    "GAF94qx": 0.034115
  },
  {
    "Age": 79,
    "GAM94qx": 0.060066,
    "GAF94qx": 0.038024
  },
  {
    "Age": 80,
    "GAM94qx": 0.066696,
    "GAF94qx": 0.042361
  },
  {
    "Age": 81,
    "GAM94qx": 0.07378,
    "GAF94qx": 0.04726
  },
  {
    "Age": 82,
    "GAM94qx": 0.081217,
    "GAF94qx": 0.052853
  },
  {
    "Age": 83,
    "GAM94qx": 0.088721,
    "GAF94qx": 0.058986
  },
  {
    "Age": 84,
    "GAM94qx": 0.096358,
    "GAF94qx": 0.065569
  },
  {
    "Age": 85,
    "GAM94qx": 0.104559,
    "GAF94qx": 0.072836
  },
  {
    "Age": 86,
    "GAM94qx": 0.113755,
    "GAF94qx": 0.081018
  },
  {
    "Age": 87,
    "GAM94qx": 0.124377,
    "GAF94qx": 0.090348
  },
  {
    "Age": 88,
    "GAM94qx": 0.136537,
    "GAF94qx": 0.100882
  },
  {
    "Age": 89,
    "GAM94qx": 0.149949,
    "GAF94qx": 0.112467
  },
  {
    "Age": 90,
    "GAM94qx": 0.164442,
    "GAF94qx": 0.125016
  },
  {
    "Age": 91,
    "GAM94qx": 0.179849,
    "GAF94qx": 0.138442
  },
  {
    "Age": 92,
    "GAM94qx": 0.196001,
    "GAF94qx": 0.15266
  },
  {
    "Age": 93,
    "GAM94qx": 0.213325,
    "GAF94qx": 0.167668
  },
  {
    "Age": 94,
    "GAM94qx": 0.231936,
    "GAF94qx": 0.183524
  },
  {
    "Age": 95,
    "GAM94qx": 0.251189,
    "GAF94qx": 0.200229
  },
  {
    "Age": 96,
    "GAM94qx": 0.270441,
    "GAF94qx": 0.217783
  },
  {
    "Age": 97,
    "GAM94qx": 0.289048,
    "GAF94qx": 0.236188
  },
  {
    "Age": 98,
    "GAM94qx": 0.30675,
    "GAF94qx": 0.255605
  },
  {
    "Age": 99,
    "GAM94qx": 0.323976,
    "GAF94qx": 0.276035
  },
  {
    "Age": 100,
    "GAM94qx": 0.341116,
    "GAF94qx": 0.297233
  },
  {
    "Age": 101,
    "GAM94qx": 0.35856,
    "GAF94qx": 0.318956
  },
  {
    "Age": 102,
    "GAM94qx": 0.376699,
    "GAF94qx": 0.34096
  },
  {
    "Age": 103,
    "GAM94qx": 0.396884,
    "GAF94qx": 0.364586
  },
  {
    "Age": 104,
    "GAM94qx": 0.418855,
    "GAF94qx": 0.389996
  },
  {
    "Age": 105,
    "GAM94qx": 0.440585,
    "GAF94qx": 0.41518
  },
  {
    "Age": 106,
    "GAM94qx": 0.460043,
    "GAF94qx": 0.438126
  },
  {
    "Age": 107,
    "GAM94qx": 0.4752,
    "GAF94qx": 0.456824
  },
  {
    "Age": 108,
    "GAM94qx": 0.48567,
    "GAF94qx": 0.471493
  },
  {
    "Age": 109,
    "GAM94qx": 0.492807,
    "GAF94qx": 0.483473
  },
  {
    "Age": 110,
    "GAM94qx": 0.497189,
    "GAF94qx": 0.492436
  },
  {
    "Age": 111,
    "GAM94qx": 0.499394,
    "GAF94qx": 0.498054
  },
  {
    "Age": 112,
    "GAM94qx": 0.5,
    "GAF94qx": 0.5
  },
  {
    "Age": 113,
    "GAM94qx": 0.5,
    "GAF94qx": 0.5
  },
  {
    "Age": 114,
    "GAM94qx": 0.5,
    "GAF94qx": 0.5
  },
  {
    "Age": 115,
    "GAM94qx": 0.5,
    "GAF94qx": 0.5
  },
  {
    "Age": 116,
    "GAM94qx": 1,
    "GAF94qx": 1
  },
  {
    "Age": 117,
    "GAM94qx": 1,
    "GAF94qx": 1
  },
  {
    "Age": 118,
    "GAM94qx": 1,
    "GAF94qx": 1
  },
  {
    "Age": 119,
    "GAM94qx": 1,
    "GAF94qx": 1
  },
  {
    "Age": 120,
    "GAM94qx": 1,
    "GAF94qx": 1
  }
]